id,title,naration,link,image
1,Database Administrator IV,In congue. Etiam justo. Etiam pretium iaculis justo.,http://weebly.com,http://dummyimage.com/179x100.png/cc0000/ffffff
2,Internal Auditor,"Morbi porttitor lorem id ligula. Suspendisse ornare consequat lectus. In est risus, auctor sed, tristique in, tempus sit amet, sem.",https://xrea.com,http://dummyimage.com/181x100.png/dddddd/000000
3,Assistant Media Planner,"Curabitur at ipsum ac tellus semper interdum. Mauris ullamcorper purus sit amet nulla. Quisque arcu libero, rutrum ac, lobortis vel, dapibus at, diam.",https://so-net.ne.jp,http://dummyimage.com/212x100.png/dddddd/000000
4,Project Manager,In congue. Etiam justo. Etiam pretium iaculis justo.,https://youku.com,http://dummyimage.com/191x100.png/dddddd/000000
5,Administrative Assistant II,"Curabitur at ipsum ac tellus semper interdum. Mauris ullamcorper purus sit amet nulla. Quisque arcu libero, rutrum ac, lobortis vel, dapibus at, diam.",http://ask.com,http://dummyimage.com/212x100.png/5fa2dd/ffffff
6,VP Quality Control,"Cras mi pede, malesuada in, imperdiet et, commodo vulputate, justo. In blandit ultrices enim. Lorem ipsum dolor sit amet, consectetuer adipiscing elit.",https://virginia.edu,http://dummyimage.com/245x100.png/5fa2dd/ffffff
7,Nuclear Power Engineer,"Fusce posuere felis sed lacus. Morbi sem mauris, laoreet ut, rhoncus aliquet, pulvinar sed, nisl. Nunc rhoncus dui vel sem.",https://bluehost.com,http://dummyimage.com/210x100.png/5fa2dd/ffffff
8,Speech Pathologist,Nullam porttitor lacus at turpis. Donec posuere metus vitae ipsum. Aliquam non mauris.,https://privacy.gov.au,http://dummyimage.com/153x100.png/ff4444/ffffff
9,Administrative Officer,Pellentesque at nulla. Suspendisse potenti. Cras in purus eu magna vulputate luctus.,https://weibo.com,http://dummyimage.com/148x100.png/ff4444/ffffff
10,Web Designer III,"Duis bibendum, felis sed interdum venenatis, turpis enim blandit mi, in porttitor pede justo eu massa. Donec dapibus. Duis at velit eu est congue elementum.",https://cisco.com,http://dummyimage.com/101x100.png/cc0000/ffffff
11,Assistant Media Planner,Praesent id massa id nisl venenatis lacinia. Aenean sit amet justo. Morbi ut odio.,http://google.com,http://dummyimage.com/100x100.png/dddddd/000000
12,Registered Nurse,"Morbi porttitor lorem id ligula. Suspendisse ornare consequat lectus. In est risus, auctor sed, tristique in, tempus sit amet, sem.",https://ucla.edu,http://dummyimage.com/228x100.png/5fa2dd/ffffff
13,Statistician II,Duis bibendum. Morbi non quam nec dui luctus rutrum. Nulla tellus.,http://webmd.com,http://dummyimage.com/112x100.png/cc0000/ffffff
14,Librarian,"Sed sagittis. Nam congue, risus semper porta volutpat, quam pede lobortis ligula, sit amet eleifend pede libero quis orci. Nullam molestie nibh in lectus.",http://google.it,http://dummyimage.com/129x100.png/cc0000/ffffff
15,Associate Professor,Duis aliquam convallis nunc. Proin at turpis a pede posuere nonummy. Integer non velit.,http://networkadvertising.org,http://dummyimage.com/241x100.png/dddddd/000000
16,Quality Engineer,Phasellus sit amet erat. Nulla tempus. Vivamus in felis eu sapien cursus vestibulum.,https://usnews.com,http://dummyimage.com/249x100.png/ff4444/ffffff
17,Quality Control Specialist,Nullam sit amet turpis elementum ligula vehicula consequat. Morbi a ipsum. Integer a nibh.,https://prweb.com,http://dummyimage.com/162x100.png/dddddd/000000
18,Help Desk Operator,"Fusce posuere felis sed lacus. Morbi sem mauris, laoreet ut, rhoncus aliquet, pulvinar sed, nisl. Nunc rhoncus dui vel sem.",https://shareasale.com,http://dummyimage.com/234x100.png/dddddd/000000
19,Social Worker,"Proin interdum mauris non ligula pellentesque ultrices. Phasellus id sapien in sapien iaculis congue. Vivamus metus arcu, adipiscing molestie, hendrerit at, vulputate vitae, nisl.",http://odnoklassniki.ru,http://dummyimage.com/111x100.png/cc0000/ffffff
20,Project Manager,"Maecenas tristique, est et tempus semper, est quam pharetra magna, ac consequat metus sapien ut nunc. Vestibulum ante ipsum primis in faucibus orci luctus et ultrices posuere cubilia Curae; Mauris viverra diam vitae quam. Suspendisse potenti.",http://sourceforge.net,http://dummyimage.com/158x100.png/dddddd/000000
